{
  "command": null,
  "height": 24,
  "duration": 11.59558,
  "title": null,
  "version": 1,
  "width": 88,
  "stdout": [
    [
      0.010189,
      "\u001b[?1034h"
    ],
    [
      0.000315,
      "sh-4.2# "
    ],
    [
      2.493259,
      "#"
    ],
    [
      0.687686,
      " "
    ],
    [
      0.941097,
      "T"
    ],
    [
      0.308331,
      "e"
    ],
    [
      0.259896,
      "s"
    ],
    [
      0.280035,
      "t"
    ],
    [
      0.868092,
      " "
    ],
    [
      1.558105,
      "m"
    ],
    [
      0.196304,
      "o"
    ],
    [
      0.176085,
      "u"
    ],
    [
      0.291577,
      "n"
    ],
    [
      0.139487,
      "t"
    ],
    [
      0.159554,
      " "
    ],
    [
      0.420253,
      "i"
    ],
    [
      0.474021,
      "\b\u001b[K"
    ],
    [
      0.139024,
      "f"
    ],
    [
      0.194278,
      "i"
    ],
    [
      0.318882,
      "l"
    ],
    [
      0.1388,
      "e"
    ],
    [
      1.539898,
      "\r\nsh-4.2# "
    ]
  ],
  "env": {
    "TERM": "xterm",
    "SHELL": null
  }
}