{
  "height": 24,
  "stdout": [
    [
      0.006469,
      "\u001b[?1034h"
    ],
    [
      8.2e-05,
      "sh-4.2# "
    ],
    [
      2.109775,
      "l"
    ],
    [
      0.070699,
      "s"
    ],
    [
      0.236863,
      "\r\n"
    ],
    [
      0.002479,
      "anaconda-post.log  etc"
    ],
    [
      5.6e-05,
      "\t"
    ],
    [
      3e-05,
      "   init.sh  lost+found"
    ],
    [
      2.9e-05,
      "\t"
    ],
    [
      2.8e-05,
      "mycat  records"
    ],
    [
      2.5e-05,
      "\t"
    ],
    [
      2.5e-05,
      "sbin  tmp"
    ],
    [
      2.5e-05,
      "\r\n"
    ],
    [
      3.1e-05,
      "bin"
    ],
    [
      2.4e-05,
      "\t"
    ],
    [
      2.4e-05,
      "\t"
    ],
    [
      2.5e-05,
      "   home    lib"
    ],
    [
      2.6e-05,
      "\t"
    ],
    [
      0.000265,
      "    media"
    ],
    [
      6.1e-05,
      "\t"
    ],
    [
      9.7e-05,
      "opt    root"
    ],
    [
      5.3e-05,
      "\t"
    ],
    [
      3.6e-05,
      "srv   usr"
    ],
    [
      5.5e-05,
      "\r\n"
    ],
    [
      5.7e-05,
      "dev"
    ],
    [
      2.6e-05,
      "\t"
    ],
    [
      2.6e-05,
      "\t"
    ],
    [
      2.5e-05,
      "   images  lib64    mnt"
    ],
    [
      2.4e-05,
      "\t"
    ],
    [
      2.4e-05,
      "\t"
    ],
    [
      2.4e-05,
      "proc   run"
    ],
    [
      2.4e-05,
      "\t"
    ],
    [
      2.4e-05,
      "sys   var"
    ],
    [
      3.3e-05,
      "\r\n"
    ],
    [
      0.000272,
      "sh-4.2# "
    ],
    [
      1.810134,
      "c"
    ],
    [
      0.225514,
      "d"
    ],
    [
      0.163002,
      " "
    ],
    [
      0.215799,
      "m"
    ],
    [
      0.156798,
      "\u0007"
    ],
    [
      0.983906,
      "y"
    ],
    [
      0.504227,
      "cat/"
    ],
    [
      0.653539,
      "\r\nsh-4.2# "
    ],
    [
      2.18936,
      "l"
    ],
    [
      0.101842,
      "s"
    ],
    [
      0.189292,
      "\r\n"
    ],
    [
      0.001831,
      "bin  catlet  conf  lib"
    ],
    [
      5.1e-05,
      "\t"
    ],
    [
      3.2e-05,
      "logs  version.txt"
    ],
    [
      3e-05,
      "\r\n"
    ],
    [
      0.000433,
      "sh-4.2# "
    ],
    [
      8.356805,
      "t"
    ],
    [
      0.222561,
      "r"
    ],
    [
      0.275448,
      "\u0007"
    ],
    [
      0.734863,
      "\b\u001b[K"
    ],
    [
      0.15817,
      "\b\u001b[K"
    ],
    [
      2.745588,
      "c"
    ],
    [
      0.219151,
      "d"
    ],
    [
      0.245345,
      " "
    ],
    [
      0.669755,
      "c"
    ],
    [
      0.094833,
      "o"
    ],
    [
      0.218858,
      "nf/"
    ],
    [
      0.47543,
      "\r\n"
    ],
    [
      0.000228,
      "sh-4.2# "
    ],
    [
      0.771926,
      "l"
    ],
    [
      0.083294,
      "s"
    ],
    [
      0.164843,
      "\r\n"
    ],
    [
      0.002513,
      "autopartition-long.txt"
    ],
    [
      0.0,
      "\t"
    ],
    [
      0.0,
      "     partition-hash-int.txt   sequence_conf.properties"
    ],
    [
      3.3e-05,
      "\r\n"
    ],
    [
      4.4e-05,
      "cacheservice.properties      partition-range-mod.txt  sequence_db_conf.properties"
    ],
    [
      3.2e-05,
      "\r\n"
    ],
    [
      3.6e-05,
      "ehcache.xml"
    ],
    [
      2.8e-05,
      "\t"
    ],
    [
      2.7e-05,
      "\t"
    ],
    [
      2.8e-05,
      "     router.xml"
    ],
    [
      2.7e-05,
      "\t"
    ],
    [
      2.7e-05,
      "\t"
    ],
    [
      2.8e-05,
      "      sequence_time_conf.properties"
    ],
    [
      2.9e-05,
      "\r\n"
    ],
    [
      3.3e-05,
      "index_to_charset.properties  rule.xml"
    ],
    [
      2.7e-05,
      "\t"
    ],
    [
      2.8e-05,
      "\t"
    ],
    [
      2.7e-05,
      "      server.xml"
    ],
    [
      0.00021,
      "\r\n"
    ],
    [
      4.8e-05,
      "log4j.xml"
    ],
    [
      3.4e-05,
      "\t"
    ],
    [
      2.8e-05,
      "\t"
    ],
    [
      6.8e-05,
      "     schema.xml"
    ],
    [
      4.3e-05,
      "\t"
    ],
    [
      3.7e-05,
      "\t"
    ],
    [
      3.6e-05,
      "      wrapper.conf"
    ],
    [
      4.1e-05,
      "\r\n"
    ],
    [
      4.1e-05,
      "myid.properties"
    ],
    [
      2.8e-05,
      "\t"
    ],
    [
      2.7e-05,
      "\t"
    ],
    [
      2.7e-05,
      "     schema.xml-bak"
    ],
    [
      2.7e-05,
      "\t"
    ],
    [
      2.8e-05,
      "      zk-create.yaml"
    ],
    [
      2.8e-05,
      "\r\n"
    ],
    [
      0.001403,
      "sh-4.2# "
    ]
  ],
  "title": null,
  "width": 88,
  "env": {
    "TERM": "xterm",
    "SHELL": null
  },
  "duration": 25.067935,
  "command": null,
  "version": 1
}