{
  "height": 24,
  "duration": 37.809989,
  "width": 88,
  "version": 1,
  "stdout": [
    [
      0.019851,
      "\u001b]0;@ef1589fb43a5:/records\u0007"
    ],
    [
      0.000322,
      "\u001b[?1034h"
    ],
    [
      5.9e-05,
      "[root@ef1589fb43a5 records]# "
    ],
    [
      2.299846,
      "m"
    ],
    [
      0.299477,
      "y"
    ],
    [
      0.154384,
      "s"
    ],
    [
      0.303079,
      "\u0007"
    ],
    [
      0.0,
      "ql"
    ],
    [
      0.544241,
      " "
    ],
    [
      0.226005,
      "-"
    ],
    [
      0.176095,
      "u"
    ],
    [
      0.200448,
      "r"
    ],
    [
      0.106944,
      "o"
    ],
    [
      0.170879,
      "o"
    ],
    [
      0.135515,
      "t"
    ],
    [
      0.441952,
      " "
    ],
    [
      0.247943,
      "-"
    ],
    [
      0.330131,
      "p"
    ],
    [
      0.407376,
      "1"
    ],
    [
      0.307501,
      "2"
    ],
    [
      0.28753,
      "3"
    ],
    [
      0.285221,
      "4"
    ],
    [
      0.306211,
      "5"
    ],
    [
      0.246267,
      "6"
    ],
    [
      0.411695,
      "\r\n"
    ],
    [
      0.003297,
      "Warning: Using a password on the command line interface can be insecure."
    ],
    [
      8.3e-05,
      "\r\n"
    ],
    [
      0.002862,
      "Welcome to the MySQL monitor.  Commands end with ; or \\g."
    ],
    [
      6.1e-05,
      "\r\n"
    ],
    [
      0.000252,
      "Your MySQL connection id is 2"
    ],
    [
      0.000709,
      "\r\n"
    ],
    [
      6.7e-05,
      "Server version: 5.6.31-log MySQL Community Server (GPL)"
    ],
    [
      6.7e-05,
      "\r\n"
    ],
    [
      4.8e-05,
      "\r\n"
    ],
    [
      3.1e-05,
      "Copyright (c) 2000, 2016, Oracle and/or its affiliates. All rights reserved."
    ],
    [
      2.5e-05,
      "\r\n"
    ],
    [
      5.9e-05,
      "\r\n"
    ],
    [
      3.5e-05,
      "Oracle is a registered trademark of Oracle Corporation and/or its"
    ],
    [
      3e-05,
      "\r\n"
    ],
    [
      3e-05,
      "affiliates. Other names may be trademarks of their respective"
    ],
    [
      2.9e-05,
      "\r\n"
    ],
    [
      2.9e-05,
      "owners."
    ],
    [
      2.9e-05,
      "\r\n"
    ],
    [
      3.1e-05,
      "\r\n"
    ],
    [
      0.006008,
      "Type 'help;' or '\\h' for help. Type '\\c' to clear the current input statement."
    ],
    [
      0.000129,
      "\r\n\r\nmysql> "
    ],
    [
      1.762904,
      "S"
    ],
    [
      0.1495,
      "H"
    ],
    [
      0.162911,
      "O"
    ],
    [
      0.16216,
      "W"
    ],
    [
      0.616039,
      " "
    ],
    [
      0.220184,
      "M"
    ],
    [
      0.162782,
      "A"
    ],
    [
      0.217505,
      "S"
    ],
    [
      0.386206,
      "T"
    ],
    [
      0.176721,
      "E"
    ],
    [
      0.088843,
      "R"
    ],
    [
      0.485541,
      " "
    ],
    [
      0.148047,
      "S"
    ],
    [
      0.334123,
      "T"
    ],
    [
      0.154804,
      "A"
    ],
    [
      0.083296,
      "T"
    ],
    [
      0.198954,
      "U"
    ],
    [
      0.124546,
      "S"
    ],
    [
      0.965499,
      "\\"
    ],
    [
      0.265066,
      "G"
    ],
    [
      0.346893,
      ";"
    ],
    [
      0.679036,
      "\r\n*************************** 1. row ***************************\r\n             File: master-bin.000007\r\n         Position: 120\r\n     Binlog_Do_DB: \r\n Binlog_Ignore_DB: \r\nExecuted_Gtid_Set: \r\n1 row in set (0.00 sec)\r\n\r\nERROR: \r\nNo query specified\r\n\r\n\u0007mysql> "
    ],
    [
      8.446396,
      "GRANT REPLICATION SLAVE ON *.* TO 'repluser'@'172.17.%.%' IDENTIFIED BY 'replpass \b';"
    ],
    [
      1.233559,
      "\r\nQuery OK, 0 rows affected (0.00 sec)\r\n\r\nmysql> "
    ],
    [
      6.198416,
      "FLUSH PRIVILEGES;"
    ],
    [
      1.248469,
      "\r\nQuery OK, 0 rows affected (0.00 sec)\r\n\r\nmysql> "
    ],
    [
      1.661967,
      "e"
    ],
    [
      0.334425,
      "x"
    ],
    [
      0.140264,
      "i"
    ],
    [
      0.21602,
      "t"
    ],
    [
      0.307631,
      "\r\nBye\r\n\u001b]0;@ef1589fb43a5:/records\u0007[root@ef1589fb43a5 records]# "
    ],
    [
      0.934837,
      "e"
    ],
    [
      0.336527,
      "x"
    ],
    [
      0.072093,
      "i"
    ],
    [
      0.238973,
      "t"
    ],
    [
      0.625192,
      "\r\nexit\r\n"
    ]
  ],
  "command": "/bin/bash",
  "title": null,
  "env": {
    "TERM": "xterm",
    "SHELL": null
  }
}