{
  "title": null,
  "command": "/bin/bash",
  "version": 1,
  "env": {
    "SHELL": null,
    "TERM": "xterm"
  },
  "width": 88,
  "height": 24,
  "stdout": [
    [
      0.017993,
      "\u001b]0;@7322759dd00d:/\u0007"
    ],
    [
      0.000529,
      "\u001b[?1034h"
    ],
    [
      0.00131,
      "[root@7322759dd00d /]# "
    ],
    [
      1.7922,
      "m"
    ],
    [
      0.001392,
      "y"
    ],
    [
      0.171516,
      "\u0007"
    ],
    [
      0.857577,
      "r"
    ],
    [
      0.503091,
      "\b\u001b[K"
    ],
    [
      0.125414,
      "s"
    ],
    [
      0.659396,
      "\u0007"
    ],
    [
      0.000204,
      "ql"
    ],
    [
      0.547281,
      " "
    ],
    [
      0.175439,
      "-"
    ],
    [
      0.214725,
      "u"
    ],
    [
      0.253599,
      "r"
    ],
    [
      0.149097,
      "o"
    ],
    [
      0.177836,
      "o"
    ],
    [
      0.23131,
      "t"
    ],
    [
      0.207855,
      " "
    ],
    [
      0.235955,
      "-"
    ],
    [
      0.336524,
      "p"
    ],
    [
      0.28219,
      "1"
    ],
    [
      0.30705,
      "2"
    ],
    [
      0.252733,
      "3"
    ],
    [
      0.302141,
      "4"
    ],
    [
      0.346455,
      "5"
    ],
    [
      0.397238,
      "6"
    ],
    [
      0.474588,
      "\r\n"
    ],
    [
      0.002171,
      "Warning: Using a password on the command line interface can be insecure."
    ],
    [
      0.000647,
      "\r\n"
    ],
    [
      0.004701,
      "Welcome to the MySQL monitor.  Commands end with ; or \\g."
    ],
    [
      9.3e-05,
      "\r\n"
    ],
    [
      0.000216,
      "Your MySQL connection id is 16"
    ],
    [
      6e-05,
      "\r\n"
    ],
    [
      6.2e-05,
      "Server version: 5.6.31 MySQL Community Server (GPL)"
    ],
    [
      6.8e-05,
      "\r\n"
    ],
    [
      4.2e-05,
      "\r\n"
    ],
    [
      4.9e-05,
      "Copyright (c) 2000, 2016, Oracle and/or its affiliates. All rights reserved."
    ],
    [
      7e-05,
      "\r\n"
    ],
    [
      5.2e-05,
      "\r\n"
    ],
    [
      0.000492,
      "Oracle is a registered trademark of Oracle Corporation and/or its"
    ],
    [
      6.7e-05,
      "\r\n"
    ],
    [
      3.8e-05,
      "affiliates. Other names may be trademarks of their respective"
    ],
    [
      3.2e-05,
      "\r\n"
    ],
    [
      3.1e-05,
      "owners."
    ],
    [
      3.1e-05,
      "\r\n"
    ],
    [
      3.4e-05,
      "\r\n"
    ],
    [
      0.000659,
      "Type 'help;' or '\\h' for help. Type '\\c' to clear the current input statement."
    ],
    [
      0.000648,
      "\r\n"
    ],
    [
      0.000464,
      "\r\n"
    ],
    [
      0.000629,
      "mysql> "
    ],
    [
      1.791076,
      "S"
    ],
    [
      0.17328,
      "H"
    ],
    [
      0.095812,
      "O"
    ],
    [
      0.136051,
      "W"
    ],
    [
      0.611062,
      " "
    ],
    [
      0.456121,
      "S"
    ],
    [
      0.259009,
      "L"
    ],
    [
      0.315689,
      "A"
    ],
    [
      0.230824,
      "V"
    ],
    [
      0.268569,
      "E"
    ],
    [
      0.225805,
      " "
    ],
    [
      0.190406,
      "S"
    ],
    [
      0.36533,
      "T"
    ],
    [
      0.138272,
      "A"
    ],
    [
      0.126467,
      "T"
    ],
    [
      0.213959,
      "U"
    ],
    [
      0.148842,
      "S"
    ],
    [
      1.186399,
      "\\"
    ],
    [
      0.290275,
      "G"
    ],
    [
      0.757748,
      ";"
    ],
    [
      0.365986,
      "\r\n*************************** 1. row ***************************\r\n               Slave_IO_State: Waiting for master to send event\r\n                  Master_Host: mysqlMaster\r\n                  Master_User: repluser\r\n                  Master_Port: 3306\r\n                Connect_Retry: 60\r\n              Master_Log_File: master-bin.000006\r\n          Read_Master_Log_Pos: 621\r\n               Relay_Log_File: relay-log.000002\r\n                Relay_Log_Pos: 495\r\n        Relay_Master_Log_File: master-bin.000006\r\n             Slave_IO_Running: Yes\r\n            Slave_SQL_Running: Yes\r\n              Replicate_Do_DB: \r\n          Replicate_Ignore_DB: \r\n           Replicate_Do_Table: \r\n       Replicate_Ignore_Table: \r\n      Replicate_Wild_Do_Table: \r\n  Replicate_Wild_Ignore_Table: \r\n                   Last_Errno: 0\r\n                   Last_Error: \r\n                 Skip_Counter: 0\r\n          Exec_Master_Log_Pos: 621\r\n              Relay_Log_Space: 662\r\n              Until_Condition: None\r\n               Until_Log_File: \r\n  "
    ],
    [
      4.2e-05,
      "              Until_Log_Pos: 0\r\n           Master_SSL_Allowed: No\r\n           Master_SSL_CA_File: \r\n           Master_SSL_CA_Path: \r\n              Master_SSL_Cert: \r\n            Master_SSL_Cipher: \r\n               Master_SSL_Key: \r\n        Seconds_Behind_Master: 0\r\nMaster_SSL_Verify_Server_Cert: No\r\n                Last_IO_Errno: 0\r\n                Last_IO_Error: \r\n               Last_SQL_Errno: 0\r\n               Last_SQL_Error: \r\n  Replicate_Ignore_Server_Ids: \r\n             Master_Server_Id: 1\r\n                  Master_UUID: 35f7ec52-4c03-11e6-8286-0242ac110002\r\n             Master_Info_File: /mysql/data/master.info\r\n                    SQL_Delay: 0\r\n          SQL_Remaining_Delay: NULL\r\n      Slave_SQL_Running_State: Slave has read all relay log; waiting for the slave I/O thread to update it\r\n           Master_Retry_Count: 86400\r\n                  Master_Bind: \r\n      Last_IO_Error_Timestamp: \r\n     Last_SQL_Error_Timestamp: \r\n               Master_SSL_Crl: \r\n           Master_SSL_Crlpath: \r\n           Retr"
    ],
    [
      2.9e-05,
      "ieved_Gtid_Set: \r\n            Executed_Gtid_Set: \r\n                Auto_Position: 0\r\n1 row in set (0.00 sec)\r\n\r\nERROR: \r\nNo query specified\r\n\r\n\u0007mysql> "
    ],
    [
      5.845841,
      "SHOW STATUS LIKE 'Slave_running'"
    ],
    [
      1.336988,
      ";"
    ],
    [
      0.588498,
      "\r\n+---------------+-------+\r\n| Variable_name | Value |\r\n+---------------+-------+\r\n| Slave_running | ON    |\r\n+---------------+-------+\r\n1 row in set (0.00 sec)\r\n\r\nmysql> "
    ],
    [
      3.450003,
      "S"
    ],
    [
      0.680253,
      "T"
    ],
    [
      0.188678,
      "O"
    ],
    [
      0.30816,
      "P"
    ],
    [
      0.442647,
      " "
    ],
    [
      1.414783,
      "S"
    ],
    [
      0.400566,
      "L"
    ],
    [
      0.696677,
      "V"
    ],
    [
      0.269096,
      "A"
    ],
    [
      0.593441,
      "E"
    ],
    [
      0.56086,
      ";"
    ],
    [
      0.475351,
      "\r\nERROR 1064 (42000): You have an error in your SQL syntax; check the manual that corresponds to your MySQL server version for the right syntax to use near 'SLVAE' at line 1\r\n\u0007mysql> "
    ],
    [
      1.521563,
      "S"
    ],
    [
      0.392332,
      "T"
    ],
    [
      0.389283,
      "O"
    ],
    [
      0.259842,
      "P"
    ],
    [
      0.349,
      " "
    ],
    [
      0.264975,
      "S"
    ],
    [
      0.248462,
      "L"
    ],
    [
      0.413928,
      "A"
    ],
    [
      0.217169,
      "V"
    ],
    [
      0.284077,
      "E"
    ],
    [
      0.368262,
      ";"
    ],
    [
      0.28551,
      "\r\n"
    ],
    [
      0.002643,
      "Query OK, 0 rows affected (0.01 sec)\r\n\r\nmysql> "
    ],
    [
      1.117683,
      "STOP SLAVE;"
    ],
    [
      0.341461,
      "\b\b\b\bVAE;"
    ],
    [
      0.406181,
      "\u001b[9GHOW STATUS LIKE 'Slave_running';"
    ],
    [
      1.630846,
      "\r\n+---------------+-------+\r\n| Variable_name | Value |\r\n+---------------+-------+\r\n| Slave_running | OFF   |\r\n+---------------+-------+\r\n1 row in set (0.00 sec)\r\n\r\nmysql> "
    ],
    [
      9.70351,
