{
  "height": 24,
  "env": {
    "TERM": "xterm",
    "SHELL": null
  },
  "command": "/bin/bash",
  "width": 88,
  "title": null,
  "stdout": [
    [
      0.023833,
      "\u001b]0;@ef1589fb43a5:/records\u0007"
    ],
    [
      0.000387,
      "\u001b[?1034h"
    ],
    [
      6.8e-05,
      "[root@ef1589fb43a5 records]# "
    ],
    [
      3.607851,
      "#"
    ],
    [
      0.639425,
      "a"
    ],
    [
      0.135149,
      "s"
    ],
    [
      0.069251,
      "d"
    ],
    [
      0.052818,
      "l"
    ],
    [
      0.034771,
      "f"
    ],
    [
      0.017062,
      "k"
    ],
    [
      0.249887,
      "l"
    ],
    [
      0.042455,
      "a"
    ],
    [
      0.06249,
      "s"
    ],
    [
      0.080921,
      "d"
    ],
    [
      0.030878,
      "k"
    ],
    [
      0.017017,
      "f"
    ],
    [
      0.058034,
      "j"
    ],
    [
      0.753835,
      "\r\n\u001b]0;@ef1589fb43a5:/records\u0007[root@ef1589fb43a5 records]# "
    ],
    [
      1.260119,
      "e"
    ],
    [
      0.293053,
      "x"
    ],
    [
      0.16334,
      "i"
    ],
    [
      0.155791,
      "t"
    ],
    [
      0.182609,
      "\r\nexit\r\n"
    ]
  ],
  "duration": 7.931198,
  "version": 1
}