{
  "width": 70,
  "duration": 133.205664,
  "height": 22,
  "env": {
    "SHELL": null,
    "TERM": "xterm"
  },
  "version": 1,
  "title": null,
  "command": "bash",
  "stdout": [
    [
      0.024819,
      "\u001b]0;@7eea62e93ebd:/dishui/content/src/records/hive\u0007"
    ],
    [
      0.000607,
      "\u001b[?1034h"
    ],
    [
      8.2e-05,
      "[root@7eea62e93ebd hive]# "
    ],
    [
      5.892495,
      "s"
    ],
    [
      6.7e-05,
      "s"
    ],
    [
      5.3e-05,
      "h"
    ],
    [
      5e-05,
      " "
    ],
    [
      0.0,
      "r"
    ],
    [
      4e-05,
      "o"
    ],
    [
      9.7e-05,
      "o"
    ],
    [
      5.7e-05,
      "t"
    ],
    [
      5.2e-05,
      "@"
    ],
    [
      5.2e-05,
      "1"
    ],
    [
      5.2e-05,
      "9"
    ],
    [
      4.9e-05,
      "6"
    ],
    [
      5.1e-05,
      "."
    ],
    [
      5.1e-05,
      "1"
    ],
    [
      0.000915,
      "68.1.34"
    ],
    [
      0.957401,
      "\r\n"
    ],
    [
      0.677883,
      "Last failed login: Thu May 18 16:08:01 CST 2017 from 196.168.1.54 on ssh:notty\r\nThere was 1 failed login attempt since the last successful login.\r\nLast login: Thu May 18 15:10:51 2017 from 196.168.1.54\r\r\n"
    ],
    [
      0.295617,
      "\u001b]0;root@localhost:~\u0007\u001b[?1034h[root@localhost ~]# "
    ],
    [
      7.901566,
      "docker exec -it hadoop-slave1 /bin/bash"
    ],
    [
      0.809315,
      "\r\n"
    ],
    [
      0.192611,
      "\u001b]0;root@hadoop-slave1: ~\u0007root@hadoop-slave1:~# "
    ],
    [
      7.090959,
      "beeline -u jdbc:hive2://hado"
    ],
    [
      0.00033,
      "op-master:10000 -n"
    ],
    [
      0.00044,
      " h \radoop"
    ],
    [
      0.925447,
      "\r\n"
    ],
    [
      1.532748,
      "Connecting to jdbc:hive2://hadoop-master:10000\r\n"
    ],
    [
      0.328452,
      "Connected to: Apache Hive (version 1.2.1)\r\n"
    ],
    [
      0.00036,
      "Driver: Hive JDBC (version 1.2.1)\r\n"
    ],
    [
      0.000267,
      "Transaction isolation: TRANSACTION_REPEATABLE_READ\r\n"
    ],
    [
      0.013377,
      "Beeline version 1.2.1 by Apache Hive\r\n"
    ],
    [
      0.034867,
      "0: jdbc:hive2://hadoop-master:10000> "
    ],
    [
      15.763457,
      "c"
    ],
    [
      0.352837,
      "r"
    ],
    [
      0.165734,
      "e"
    ],
    [
      0.206867,
      "a"
    ],
    [
      0.184748,
      "t"
    ],
    [
      0.161654,
      "e"
    ],
    [
      0.790386,
      " "
    ],
    [
      0.454153,
      "t"
    ],
    [
      0.167354,
      "a"
    ],
    [
      0.223683,
      "b"
    ],
    [
      0.163351,
      "l"
    ],
    [
      0.179989,
      "e"
    ],
    [
      0.268118,
      " "
    ],
    [
      0.869278,
      "i"
    ],
    [
      0.228921,
      "f"
    ],
    [
      0.405855,
      " "
    ],
    [
      0.262277,
      "n"
    ],
    [
      0.153672,
      "o"
    ],
    [
      0.297699,
      "t"
    ],
    [
      0.418386,
      " "
    ],
    [
      0.551488,
      "e"
    ],
    [
      0.508735,
      "x"
    ],
    [
      0.587835,
      "i"
    ],
    [
      0.307925,
      "s"
    ],
    [
      0.465096,
      "t"
    ],
    [
      0.195831,
      "s"
    ],
    [
      7.268072,
      " "
    ],
    [
      0.248965,
      "m"
    ],
    [
      0.297427,
      "y"
    ],
    [
      1.302516,
      "t"
    ],
    [
      0.229334,
      "a"
    ],
    [
      0.219837,
      "b"
    ],
    [
      0.20626,
      "l \r"
    ],
    [
      0.156772,
      "e"
    ],
    [
      2.355214,
      "("
    ],
    [
      0.735714,
      "s"
    ],
    [
      0.2231,
      "i"
    ],
    [
      0.168768,
      "d"
    ],
    [
      0.845228,
      ")"
    ],
    [
      0.621274,
      "\u001b[6G"
    ],
    [
      2.076559,
      " )\u001b[7G"
    ],
    [
      0.219581,
      "i)\u001b[8G"
    ],
    [
      0.235221,
      "n)\u001b[9G"
    ],
    [
      0.191908,
      "t)\u001b[10G"
    ],
    [
      0.245207,
      " )\u001b[11G"
    ],
    [
      0.313136,
      ",)\u001b[12G"
    ],
    [
      3.027811,
      "s)\u001b[13G"
    ],
    [
      0.393531,
      "n)\u001b[14G"
    ],
    [
      0.210155,
      "a)\u001b[15G"
    ],
    [
      0.100861,
      "m)\u001b[16G"
    ],
    [
      0.212342,
      "e)\u001b[17G"
    ],
    [
      1.676965,
      " )\u001b[18G"
    ],
    [
      0.286016,
      "s)\u001b[19G"
    ],
    [
      0.331506,
      "t)\u001b[20G"
    ],
    [
      0.212252,
      "r)\u001b[21G"
    ],
    [
      0.181493,
      "i)\u001b[22G"
    ],
    [
      0.223243,
      "n)\u001b[23G"
    ],
    [
      0.083031,
      "g)\u001b[24G"
    ],
    [
      2.911586,
      "\u001b[25G\r\n0: jdbc:hive2://hadoop-master:10000> "
    ],
    [
      7.48504,
      "s"
    ],
    [
      0.346497,
      "h"
    ],
    [
      0.139138,
      "o"
    ],
    [
      0.2003,
      "w"
    ],
    [
      0.391681,
      " "
    ],
    [
      0.254861,
      "t"
    ],
    [
      0.205229,
      "a"
    ],
    [
      0.267072,
      "b"
    ],
    [
      0.147984,
      "l"
    ],
    [
      0.208423,
      "e"
    ],
    [
      0.308039,
      "s"
    ],
    [
      0.337131,
      "\r\n0: jdbc:hive2://hadoop-master:10000> "
    ],
    [
      3.041747,
      "show tables"
    ],
    [
      0.837653,
      ";"
    ],
    [
      0.660275,
      "\r\n"
    ],
    [
      0.058914,
      "Error: Error while compiling statement: FAILED: ParseException line 2:0 missing EOF at 'show' near ')' (state=42000,code=40000)\r\n0: jdbc:hive2://hadoop-master:10000> "
    ],
    [
      9.695104,
      "s"
    ],
    [
      0.165059,
      "h"
    ],
    [
      0.116251,
      "o"
    ],
    [
      0.235682,
      "w"
    ],
    [
      0.637255,
      " "
    ],
    [
      0.436746,
      "t"
    ],
    [
      0.280817,
      "a"
    ],
    [
      0.408942,
      "b"
    ],
    [
      0.254926,
      "l"
    ],
    [
      0.250818,
      "e"
    ],
    [
      0.285198,
      "s"
    ],
    [
      1.332186,
      ";"
    ],
    [
      0.487011,
      "\r\n"
    ],
    [
      0.212242,
      "+---------------+--+\r\n|   tab_name    |\r\n+---------------+--+\r\n| pageview      |\r\n| trade_detail  |\r\n+---------------+--+\r\n"
    ],
    [
      0.00326,
      "2 rows selected (0.208 seconds)\r\n"
    ],
    [
      0.016887,
      "0: jdbc:hive2://hadoop-master:10000> "
    ],
    [
      14.923374,
      "\u001b]0;root@hadoop-slave1: ~\u0007root@hadoop-slave1:~# \u001b[K"
    ],
    [
      0.719475,
      "^C\r\n\u001b]0;root@hadoop-slave1: ~\u0007root@hadoop-slave1:~# "
    ],
    [
      0.655213,
      "^C\r\n\u001b]0;root@hadoop-slave1: ~\u0007root@hadoop-slave1:~# "
    ],
    [
      0.536196,
      "^C\r\n\u001b]0;root@hadoop-slave1: ~\u0007root@hadoop-slave1:~# "
    ],
    [
      0.685675,
      "e"
    ],
    [
      0.326175,
      "x"
    ],
    [
      0.196821,
      "i"
    ],
    [
      0.194454,
      "t"
    ],
    [
      0.219553,
      "\r\nexit\r\n"
    ],
    [
      0.019288,
      "\u001b]0;root@localhost:~\u0007[root@localhost ~]# "
    ],
    [
      1.352028,
      "e"
    ],
    [
      0.280982,
      "x"
    ],
    [
      0.198046,
      "i"
    ],
    [
      0.236301,
      "t"
    ],
    [
      0.208168,
      "\r\nlogout\r\n"
    ],
    [
      0.093791,
      "Connection to 196.168.1.34 closed.\r\r\n\u001b]0;@7eea62e93ebd:/dishui/content/src/records/hive\u0007[root@7eea62e93ebd hive]# "
    ],
    [
      1.6238,
      "^C\r\n\u001b]0;@7eea62e93ebd:/dishui/content/src/records/hive\u0007[root@7eea62e93ebd hive]# "
    ],
    [
      1.051757,
      "e"
    ],
    [
      0.295555,
      "x"
    ],
    [
      0.181361,
      "i"
    ],
    [
      0.235878,
      "t"
    ],
    [
      0.235898,
      "\r\nexit\r\n"
    ]
  ]
}