{
  "version": 1,
  "duration": 28.525254,
  "env": {
    "SHELL": null,
    "TERM": "xterm"
  },
  "height": 23,
  "stdout": [
    [
      0.008955,
      "\u001b[?1034h"
    ],
    [
      9.8e-05,
      "sh-4.2# "
    ],
    [
      5.563062,
      "f"
    ],
    [
      0.083233,
      "i"
    ],
    [
      0.249185,
      "n"
    ],
    [
      0.102029,
      "d"
    ],
    [
      0.617553,
      " "
    ],
    [
      0.968308,
      "/"
    ],
    [
      0.280128,
      " "
    ],
    [
      0.271753,
      "-"
    ],
    [
      0.263469,
      "n"
    ],
    [
      0.098824,
      "a"
    ],
    [
      0.156644,
      "m"
    ],
    [
      0.152833,
      "e"
    ],
    [
      0.687519,
      " "
    ],
    [
      1.323097,
      "'"
    ],
    [
      0.230422,
      "'"
    ],
    [
      0.711982,
      "\b"
    ],
    [
      2.15403,
      "a'\b"
    ],
    [
      0.303507,
      "s'\b"
    ],
    [
      0.302307,
      "c'\b"
    ],
    [
      0.329543,
      "i'\b"
    ],
    [
      0.176913,
      "i'\b"
    ],
    [
      4.43108,
      "n'\b"
    ],
    [
      0.144471,
      "e'\b"
    ],
    [
      0.182957,
      "m'\b"
    ],
    [
      0.173796,
      "a'\b"
    ],
    [
      0.837444,
      "\r\n"
    ],
    [
      0.215259,
      "/usr/local/python3/lib/python3.5/site-packages/asciinema"
    ],
    [
      6.3e-05,
      "\r\n"
    ],
    [
      0.151061,
      "/usr/local/python3/bin/asciinema"
    ],
    [
      7.5e-05,
      "\r\n"
    ],
    [
      2.526851,
      "/usr/bin/asciinema"
    ],
    [
      0.000145,
      "\r\n"
    ],
    [
      0.034311,
      "/root/.config/asciinema"
    ],
    [
      5.1e-05,
      "\r\n"
    ],
    [
      0.090289,
      "sh-4.2# "
    ],
    [
      4.608574,
      "exit"
    ],
    [
      5.4e-05,
      "\r\n"
    ]
  ],
  "title": null,
  "command": null,
  "width": 88
}