{
  "width": 93,
  "duration": 259.962376,
  "command": "bash",
  "height": 22,
  "title": null,
  "env": {
    "TERM": "xterm",
    "SHELL": null
  },
  "version": 1,
  "stdout": [
    [
      0.004565,
      "scala> "
    ],
    [
      1.897488,
      "sc"
    ],
    [
      0.000324,
      "."
    ],
    [
      0.000522,
      "te"
    ],
    [
      0.0011,
      "xt"
    ],
    [
      0.000416,
      "F"
    ],
    [
      0.002436,
      "ile(\"hd"
    ],
    [
      0.006113,
      "fs://m"
    ],
    [
      1.7e-05,
      "as"
    ],
    [
      0.000616,
      "te"
    ],
    [
      0.000355,
      "r"
    ],
    [
      0.001014,
      ":802"
    ],
    [
      0.001288,
      "0/word"
    ],
    [
      0.001446,
      "/\""
    ],
    [
      0.000389,
      ")"
    ],
    [
      0.849739,
      "."
    ],
    [
      0.4874,
      "c"
    ],
    [
      0.179371,
      "o"
    ],
    [
      0.312821,
      "l"
    ],
    [
      0.165574,
      "l"
    ],
    [
      0.25913,
      "e"
    ],
    [
      0.337444,
      "c"
    ],
    [
      0.36434,
      "t"
    ],
    [
      0.686179,
      "\r\n"
    ],
    [
      3.433054,
      "\r[Stage 0:>                                                          (0 + 1) / 3]"
    ],
    [
      1.800646,
      "\r[Stage 0:===================>                                       (1 + 1) / 3]"
    ],
    [
      0.110858,
      "\r                                                                                \r"
    ],
    [
      0.0079,
      "res0: Array[String] = Array(hello tom, hello xixi, hello xxxxooo, hello tom, hello xixi, hello xxxxooo, hello tom, hello xixi, hello xxxxooo)"
    ],
    [
      0.002103,
      "\r\n\r\nscala> "
    ],
    [
      1.356119,
      "sc.tex"
    ],
    [
      0.00108,
      "tFile"
    ],
    [
      4e-05,
      "("
    ],
    [
      0.00249,
      "\"hdfs://mas"
    ],
    [
      0.003608,
      "ter:8020/w"
    ],
    [
      0.000917,
      "ord/\").f"
    ],
    [
      0.000133,
      "la"
    ],
    [
      0.000464,
      "tM"
    ],
    [
      0.001105,
      "ap(_.s"
    ],
    [
      0.001495,
      "plit("
    ],
    [
      0.00048,
      "\" \")"
    ],
    [
      0.000435,
      ")."
    ],
    [
      0.000832,
      "coll"
    ],
    [
      0.000432,
      "e"
    ],
    [
      0.000634,
      "ct"
    ],
    [
      6.535099,
      "\r\n"
    ],
    [
      1.667783,
      "res1: Array[String] = Array(hello, tom, hello, xixi, hello, xxxxooo, hello, tom, hello, xixi, hello, xxxxooo, hello, tom, hello, xixi, hello, xxxxooo)\r\n\r\nscala> "
    ],
    [
      1.969277,
      "sc.textFile(\"hdfs://master:8020/word/\").flatMap(_.split(\" \")).collect"
    ],
    [
      1.942227,
      "\u001b[76G\u001b[K"
    ],
    [
      0.173304,
      "\u001b[75G\u001b[K"
    ],
    [
      0.154585,
      "\u001b[74G\u001b[K"
    ],
    [
      0.153217,
      "\u001b[73G\u001b[K"
    ],
    [
      0.138233,
      "\u001b[72G\u001b[K"
    ],
    [
      0.152841,
      "\u001b[71G\u001b[K"
    ],
    [
      0.153808,
      "\u001b[70G\u001b[K"
    ],
    [
      0.137216,
      "\u001b[69G\u001b[K"
    ],
    [
      1.241481,
      "."
    ],
    [
      2.050811,
      "m"
    ],
    [
      0.547021,
      "a"
    ],
    [
      0.159731,
      "p"
    ],
    [
      1.980577,
      "("
    ],
    [
      0.414351,
      ")"
    ],
    [
      0.890489,
      "\u001b[74G"
    ],
    [
      3.292748,
      "()\u001b[75G"
    ],
    [
      0.364888,
      "))\u001b[76G"
    ],
    [
      0.620888,
      "\u001b[75G"
    ],
    [
      0.833912,
      "_))\u001b[76G"
    ],
    [
      1.018159,
      ",))\u001b[77G"
    ],
    [
      0.266005,
      "1))\u001b[78G"
    ],
    [
      1.196122,
      "\u001b[79G"
    ],
    [
      0.159875,
      "\u001b[80G"
    ],
    [
      1.105679,
      "."
    ],
    [
      0.412657,
      "c"
    ],
    [
      0.416525,
      "o"
    ],
    [
      0.311395,
      "l"
    ],
    [
      0.177972,
      "l"
    ],
    [
      0.273001,
      "e"
    ],
    [
      0.354609,
      "c"
    ],
    [
      0.367464,
      "t"
    ],
    [
      0.750284,
      "\r\n"
    ],
    [
      0.934737,
      "res2: Array[(String, Int)] = Array((hello,1), (tom,1), (hello,1), (xixi,1), (hello,1), (xxxxooo,1), (hello,1), (tom,1), (hello,1), (xixi,1), (hello,1), (xxxxooo,1), (hello,1), (tom,1), (hello,1), (xixi,1), (hello,1), (xxxxooo,1))\r\n\r\nscala> "
    ],
    [
      0.452961,
      "r"
    ],
    [
      0.21184,
      "e"
    ],
    [
      0.305379,
      "s"
    ],
    [
      0.781241,
      "2"
    ],
    [
      1.900768,
      "."
    ],
    [
      0.000885,
      "c"
    ],
    [
      0.000492,
      "ombin"
    ],
    [
      0.000835,
      "eByKey(x"
    ],
    [
      0.001314,
      " =>"
    ],
    [
      0.000994,
      " x, "
    ],
    [
      0.001781,
      "(a: Int, b: In"
    ],
    [
      0.000499,
      "t"
    ],
    [
      0.00038,
      ") "
    ],
    [
      0.000587,
      "=> "
    ],
    [
      0.000681,
      "a "
    ],
    [
      0.000432,
      "+ b"
    ],
    [
      0.001048,
      ", (m:"
    ],
    [
      0.000318,
      " In"
    ],
    [
      0.000905,
      "t, "
    ],
    [
      0.003045,
      "n: Int) => m + n)"
    ],
    [
      1.99267,
      "\r\n"
    ],
    [
      0.244867,
      "<console>:24: error: value combineByKey is not a member of Array[(String, Int)]\r\n              res2.combineByKey(x => x, (a: Int, b: Int) => a + b, (m: Int, n: Int) => m + n)\r\n                   ^\r\n"
    ],
    [
      0.006423,
      "\r\nscala> "
    ],
    [
      3.756347,
      "res2.combineByKey(x => x, (a: Int, b: Int) => a + b, (m: Int, n: Int) => m + n)"
    ],
    [
      1.146853,
      "\u001b[8G\u001b[K"
    ],
    [
      0.00192,
      "sc.textFile(\"hdfs://master:8020/word/\").flatMap(_.split(\" \")).map((_,1)).collect"
    ],
    [
      1.526304,
      "\u001b[87G\u001b[K"
    ],
    [
      0.495067,
      "\u001b[86G\u001b[K"
    ],
    [
      0.02478,
      "\u001b[85G\u001b[K"
    ],
    [
      0.031756,
      "\u001b[84G\u001b[K"
    ],
    [
      0.027343,
      "\u001b[83G\u001b[K"
    ],
    [
      0.029874,
      "\u001b[82G"
    ],
    [
      4.3e-05,
      "\u001b[K"
    ],
    [
      0.164805,
      "\u001b[81G\u001b[K"
    ],
    [
      0.392959,
      "\u001b[80G\u001b[K"
    ],
    [
      3.258562,
      "\r\n"
    ],
    [
      0.474197,
      "res4: org.apache.spark.rdd.RDD[(String, Int)] = MapPartitionsRDD[12] at map at <console>:22\r\n\r\nscala> "
    ],
    [
      1.156228,
      "r"
    ],
    [
      0.238446,
      "e"
    ],
    [
      0.540231,
      "s"
    ],
    [
      0.911425,
      "4"
    ],
    [
      0.25652,
      "."
    ],
    [
      0.688158,
      "\u001b[12G\u001b[K"
    ],
    [
      0.494301,
      ".co"
    ],
    [
      0.000186,
      "mbineBy"
    ],
    [
      0.000444,
      "K"
    ],
    [
      0.000287,
      "ey(x"
    ],
    [
      0.007254,
      " => "
    ],
    [
      0.000365,
      "x"
    ],
    [
      0.000659,
      ", ("
    ],
    [
      0.001049,
      "a: In"
    ],
    [
      0.000421,
      "t"
    ],
    [
      0.002045,
      ", b:"
    ],
    [
      0.000729,
      " In"
    ],
    [
      0.007454,
      "t)"
    ],
    [
      0.001467,
      " => a + b, (m:"
    ],
    [
      0.002396,
      " Int, n: Int) => m "
    ],
    [
      0.005753,
      "+ n)"
    ],
    [
      1.15055,
      "\r\n"
    ],
    [
      0.964324,
      "res5: org.apache.spark.rdd.RDD[(String, Int)] = ShuffledRDD[13] at combineByKey at <console>:24\r\n\r\nscala> "
    ]
  ]
}